{
  "accuracy": 0.9318494722349702,
  "precision": 0.6142991533396049,
  "recall": 0.5758377425044092,
  "f1": 0.594446973145198,
  "auroc": 0.9355557918930336,
  "ap": 0.6700760195373665,
  "threshold": 0.2777190795148197
}