{
  "accuracy": 0.9271837234205293,
  "precision": 0.5763422818791947,
  "recall": 0.6058201058201058,
  "f1": 0.5907136715391229,
  "auroc": 0.9356270624137738,
  "ap": 0.6569691609123031,
  "threshold": 0.24333333333333335
}