{
  "accuracy": 0.906990974453113,
  "precision": 0.4740177439797212,
  "recall": 0.6596119929453262,
  "f1": 0.551622418879056,
  "auroc": 0.913638297306639,
  "ap": 0.5528136551758209,
  "threshold": 0.7330835127022983
}