{
  "accuracy": 0.906990974453113,
  "precision": 0.4740177439797212,
  "recall": 0.6596119929453262,
  "f1": 0.551622418879056,
  "auroc": 0.9136111923521193,
  "ap": 0.5528727530692185,
  "threshold": 0.7330670675634824
}