{
  "accuracy": 0.9274896741624599,
  "precision": 0.572884012539185,
  "recall": 0.644620811287478,
  "f1": 0.6066390041493775,
  "auroc": 0.9418056626459753,
  "ap": 0.681607733475455,
  "threshold": 0.7671536207199097
}