{
  "accuracy": 0.9201468563561267,
  "precision": 0.532798833819242,
  "recall": 0.644620811287478,
  "f1": 0.5833998403830806,
  "auroc": 0.9296336178245725,
  "ap": 0.5505172757982901,
  "threshold": 0.29907770495072655
}