{
  "accuracy": 0.9288664525011473,
  "precision": 0.5860033726812817,
  "recall": 0.6128747795414462,
  "f1": 0.5991379310344828,
  "auroc": 0.9356996623328282,
  "ap": 0.6710687284316654,
  "threshold": 0.24777002432100356
}