{
  "accuracy": 0.9203763194125746,
  "precision": 0.5350414468726451,
  "recall": 0.6261022927689595,
  "f1": 0.5770012190166599,
  "auroc": 0.9300587298633083,
  "ap": 0.5548067147713527,
  "threshold": 0.3130035950064954
}