{
  "accuracy": 0.9222885115496405,
  "precision": 0.5442942942942943,
  "recall": 0.6393298059964727,
  "f1": 0.5879967558799676,
  "auroc": 0.9360395820962544,
  "ap": 0.6557560070245224,
  "threshold": 0.23
}