{
  "accuracy": 0.930625669267248,
  "precision": 0.6001765225066196,
  "recall": 0.599647266313933,
  "f1": 0.599911777679753,
  "auroc": 0.9410324698152728,
  "ap": 0.6813865071163876,
  "threshold": 0.7980271577835083
}