{
  "accuracy": 0.9134924277191372,
  "precision": 0.5010814708002884,
  "recall": 0.6128747795414462,
  "f1": 0.5513685045616818,
  "auroc": 0.9131885913990884,
  "ap": 0.5513664437835079,
  "threshold": 0.776652128388151
}